"country","year","gdp","population","gdp_per_capita","gini"
Albania,1999,6483126460.62459,3108778.0,2085.43,
Andorra,1999,2550420257.1921,64368.0,39622.49,
Austria,1999,325824841728.611,7992324.0,40767.22,
Belarus,1999,26491948709.2598,10026738,2642.13,31.7
Belgium,1999,391671405153.267,10226419,38299.96,
Bosnia and Herzegovina,1999,10720397681.9001,3743353.0,2863.85,
Bulgaria,1999,31069642496.7662,8210624.0,3784.08,
Croatia,1999,45379738092.8281,4512597.0,10056.24,
Czech Republic,1999,146814269063.158,10283860,14276.18,
Denmark,1999,287450544669.54,5321799.0,54013.79,
Estonia,1999,816077965.159615,1390244.0,587.00,
Faroe Islands,1999,,46428.0,,
Finland,1999,197913218965.791,5165474.0,38314.63,
France,1999,2247611842122.65,60496708,37152.63,
Germany,1999,3033345016124.14,82100243,36946.85,
Gibraltar,1999,,30526.0,,
Greece,1999,240215002787.885,10761698,22321.29,
Hungary,1999,102424015561.338,10237530,10004.76,
Iceland,1999,10134754993.3966,277381.0,36537.31,
Ireland,1999,153444958603.477,3754786.0,40866.50,
Italy,1999,1995127770569.1,56916317,35053.70,
Latvia,1999,22203486874.2182,2390482.0,9288.29,
Liechtenstein,1999,,32765.0,,
Lithuania,1999,6777878258.90031,3524238.0,1923.22,
Luxembourg,1999,37710398522.3226,430475.0,87601.83,
Malta,1999,5941073341.83603,387578.0,15328.72,
Moldova,1999,4142328086.47215,2929735.0,1413.89,42.6
Monaco,1999,4295023067.74493,31836.0,134910.89,
Montenegro,1999,2907286053.87602,606001.0,4797.49,
Netherlands,1999,710419469458.976,15812088,44928.88,28.1
North Macedonia,1999,6716025585.98234,2024393.0,3317.55,
Norway,1999,355314714530.518,4461913.0,79632.82,
Poland,1999,312676052134.116,38660271,8087.79,
Portugal,1999,213283630195.37,10217828,20873.68,
Romania,1999,107310890612.622,22472040,4775.31,
Russian Federation,1999,865063897237.22,147214776,5876.20,37.4
San Marino,1999,1666138637.36552,27141.0,61388.26,
Serbia,1999,24914338849.8698,7540401.0,3304.11,
Slovakia,1999,55027429601.0124,5396020.0,10197.78,
Slovenia,1999,35570840202.4902,1983045.0,17937.49,
Spain,1999,1096107329825.06,40386875,27140.19,
Sweden,1999,380587280611.132,8857874.0,42965.98,
Switzerland,1999,480784465400.367,7143991.0,67299.14,
Ukraine,1999,84420719245.9484,49674000,1699.50,
United Kingdom,1999,2046007078423.14,58682466,34865.73,37.0
Albania,2000,6933706092.26578,3089027.0,2244.62,
Andorra,2000,2640408325.59989,65390.0,40379.39,
Austria,2000,336823783071.547,8011566.0,42042.19,28.8
Belarus,2000,28028482645.7397,9979610.0,2808.57,31.2
Belgium,2000,406228575522.44,10251250,39627.22,33.1
Bosnia and Herzegovina,2000,11310019583.9402,3751176.0,3015.06,
Bulgaria,2000,32555406323.5435,8170172.0,3984.67,
Croatia,2000,46678391315.0396,4468302.0,10446.56,
Czech Republic,2000,152688350008.684,10255063,14889.07,
Denmark,2000,298220921608.043,5339616.0,55850.63,23.8
Estonia,2000,898555070.886312,1396985.0,643.21,
Faroe Islands,2000,,46738.0,,
Finland,2000,209339466449.934,5176209.0,40442.62,27.2
France,2000,2335800696315.34,60912500,38346.82,31.1
Germany,2000,3121691279617,82211508,37971.46,28.8
Gibraltar,2000,,31081.0,,
Greece,2000,249630880309.085,10805808,23101.55,34.2
Hungary,2000,107011783045.671,10210971,10480.08,
Iceland,2000,10639976864.4727,281205.0,37837.08,
Ireland,2000,167889828773.098,3805174.0,44121.46,33.0
Italy,2000,2070682364290.87,56942108,36364.69,35.3
Latvia,2000,23462863080.0846,2367550.0,9910.19,
Liechtenstein,2000,,33184.0,,
Lithuania,2000,7028356472.96767,3499536.0,2008.37,
Luxembourg,2000,40817660716.508,436300.0,93554.12,30.4
Malta,2000,7110352033.00746,390087.0,18227.61,
Moldova,2000,4229636600.29266,2923783.0,1446.63,36.4
Monaco,2000,4462968314.99403,32148.0,138825.69,
Montenegro,2000,2997411926.88696,604950.0,4954.81,
Netherlands,2000,740226130632.733,15925513,46480.52,
North Macedonia,2000,7021546709.10223,2034823.0,3450.69,
Norway,2000,366702477304.826,4490967.0,81653.34,27.4
Poland,2000,326937286505.489,38258629,8545.45,
Portugal,2000,221422913303.857,10289898,21518.48,
Romania,2000,109952094351.041,22442971,4899.18,
Russian Federation,2000,951570864960.202,146596869,6491.07,37.1
San Marino,2000,1702450124.85211,27460.0,61997.46,
Serbia,2000,26442039540.6366,7516346.0,3517.94,
Slovakia,2000,55669340110.9048,5388720.0,10330.72,
Slovenia,2000,36877133618.0695,1988925.0,18541.24,
Spain,2000,1153609062039.34,40567864,28436.52,34.3
Sweden,2000,398727398165.564,8872109.0,44941.67,27.2
Switzerland,2000,499902423278.636,7184250.0,69583.11,33.4
Ukraine,2000,89401541680.6853,49176500,1817.97,
United Kingdom,2000,2117744535140.26,58892514,35959.49,38.4
Albania,2001,7508515182.79876,3060173.0,2453.62,
Andorra,2001,2854792522.86889,67344.0,42391.19,
Austria,2001,341091906904.391,8042293.0,42412.27,
Belarus,2001,29352914216.1911,9928549.0,2956.42,30.6
Belgium,2001,410695541666.438,10286570,39925.41,
Bosnia and Herzegovina,2001,11807660368.5842,3755514.0,3144.09,30.0
Bulgaria,2001,33798124235.1857,8009142.0,4219.94,
Croatia,2001,48059002801.748,4299642.0,11177.44,
Czech Republic,2001,157334620713.224,10216605,15399.89,
Denmark,2001,300675736064.966,5358783.0,56108.96,
Estonia,2001,952285075.881869,1388115.0,686.03,
Faroe Islands,2001,,46999.0,,
Finland,2001,214803266558.191,5188008.0,41403.80,
France,2001,2382136475024.72,61357432,38823.93,
Germany,2001,3174181534556.98,82349925,38545.04,30.3
Gibraltar,2001,,31604.0,,
Greece,2001,259944659657.605,10862132,23931.27,
Hungary,2001,111371542205.075,10187576,10932.09,
Iceland,2001,11067012075.7528,284968.0,38835.98,
Ireland,2001,176805103461.172,3866243.0,45730.47,
Italy,2001,2111089070963.84,56974100,37053.49,
Latvia,2001,24946375649.8431,2337170.0,10673.75,
Liechtenstein,2001,,33543.0,,
Lithuania,2001,7487034670.44861,3470818.0,2157.14,
Luxembourg,2001,41851153604.5882,441525.0,94787.73,
Malta,2001,7026826916.21676,393028.0,17878.69,
Moldova,2001,4487644450.3731,2917252.0,1538.31,38.0
Monaco,2001,4560606124.884,32474.0,140438.69,
Montenegro,2001,3030378743.71352,607389.0,4989.19,
Netherlands,2001,757450860234.74,16046180,47204.43,
North Macedonia,2001,6806177852.52376,2042844.0,3331.72,
Norway,2001,374310785078.08,4513751.0,82926.77,
Poland,2001,331051702981.461,38248076,8655.38,
Portugal,2001,225726649126.408,10362722,21782.56,
Romania,2001,115689544451.415,22131970,5227.26,
Russian Federation,2001,1000101466517.97,145976482,6851.11,36.9
San Marino,2001,1797418630.58627,27818.0,64613.51,
Serbia,2001,28260927883.9268,7503433.0,3766.40,
Slovakia,2001,57480699484.5939,5378867.0,10686.40,
Slovenia,2001,38063308870.5395,1992060.0,19107.51,
Spain,2001,1198979916301.37,40850412,29350.50,
Sweden,2001,404506946291.441,8895960.0,45470.86,
Switzerland,2001,507779971959.633,7229854.0,70233.78,
Ukraine,2001,97629786737.4097,48662400,2006.27,
United Kingdom,2001,2175566069186.13,59119673,36799.36,37.3
Albania,2002,7849398816.77983,3051010.0,2572.72,31.7
Andorra,2002,2984581731.4066,70048.0,42607.67,
Austria,2002,346725223670.04,8081957.0,42901.15,
Belarus,2002,30833847251.5793,9865548.0,3125.41,30.3
Belgium,2002,417705640556.509,10332785,40425.27,
Bosnia and Herzegovina,2002,12433466463.9814,3759389.0,3307.31,
Bulgaria,2002,35810138200.2256,7837161.0,4569.27,
Croatia,2002,50787868293.8868,4302174.0,11805.16,
Czech Republic,2002,159804546639.628,10196916,15671.85,26.6
Denmark,2002,302077924044.662,5375931.0,56190.81,
Estonia,2002,1017063247.49321,1379350.0,737.35,
Faroe Islands,2002,,47235.0,,
Finland,2002,218470278293.54,5200598.0,42008.68,
France,2002,2409186384646.31,61805266,38980.28,
Germany,2002,3167897485650.41,82488495,38404.11,29.9
Gibraltar,2002,,32097.0,,
Greece,2002,270141955662.615,10902022,24779.07,
Hungary,2002,116651982722.029,10158608,11483.07,
Iceland,2002,11128934120.1247,287523.0,38706.24,
Ireland,2002,187236160688.21,3931947.0,47619.20,32.3
Italy,2002,2116450033861.54,57059007,37092.30,
Latvia,2002,26713274658.9113,2310173.0,11563.32,
Liechtenstein,2002,,33885.0,,
Lithuania,2002,7992515420.49374,3443067.0,2321.34,
Luxembourg,2002,43449645581.9884,446175.0,97382.52,
Malta,2002,7207083524.95505,395969.0,18201.13,
Moldova,2002,4837680701.41398,2910504.0,1662.15,35.8
Monaco,2002,4607420522.33859,32804.0,140453.01,
Montenegro,2002,3088075152.53432,609828.0,5063.85,
Netherlands,2002,759096600948.749,16148929,47006.00,
North Macedonia,2002,6907839381.07181,2048930.0,3371.44,
Norway,2002,379724270302.257,4538159.0,83673.64,
Poland,2002,337791596192.75,38230364,8835.69,
Portugal,2002,227466830093.751,10419631,21830.60,
Romania,2002,122287309511.908,21730496,5627.45,
Russian Federation,2002,1047106154523.45,145306497,7206.19,37.3
San Marino,2002,1803005013.27652,28175.0,63993.08,
Serbia,2002,30064089625.5937,7496522.0,4010.41,
Slovakia,2002,60072759439.2476,5376912.0,11172.35,
Slovenia,2002,39397655486.7049,1994530.0,19752.85,
Spain,2002,1231724324368.01,41431558,29729.13,
Sweden,2002,413393644592.477,8924958.0,46318.83,
Switzerland,2002,507752011245.753,7284753.0,69700.65,31.7
Ukraine,2002,102754706789.826,48202470,2131.73,29.0
United Kingdom,2002,2222966092388.24,59370479,37442.28,35.1
Albania,2003,8283474557.11024,3039616.0,2725.17,
Andorra,2003,3244067347.20933,73180.0,44329.97,
Austria,2003,349989540825.713,8121423.0,43094.61,29.5
Belarus,2003,33005534486.7779,9796749.0,3369.03,28.8
Belgium,2003,422041352211.795,10376133,40674.24,28.1
Bosnia and Herzegovina,2003,12930805086.5843,3762179.0,3437.05,
Bulgaria,2003,37655019586.0687,7775327.0,4842.89,
Croatia,2003,53650170222.5233,4303399.0,12466.93,
Czech Republic,2003,165531443734.197,10193998,16238.13,
Denmark,2003,303256204834.651,5390574.0,56256.76,25.6
Estonia,2003,1094021262.4988,1370720.0,798.14,37.2
Faroe Islands,2003,,47439.0,,
Finland,2003,222847951217.91,5213014.0,42748.39,27.7
France,2003,2429017861520.09,62244880,39023.58,31.4
Germany,2003,3145718506754.38,82534176,38114.13,30.0
Gibraltar,2003,,32556.0,,
Greece,2003,285795416764.314,10928070,26152.41,32.8
Hungary,2003,121416660935.602,10129552,11986.38,
Iceland,2003,11367392498.1864,289521.0,39262.76,26.8
Ireland,2003,192854482587.041,3996521.0,48255.59,32.9
Italy,2003,2119384002738.32,57313203,36978.98,34.9
Latvia,2003,28966399140.5609,2287955.0,12660.39,
Liechtenstein,2003,,34172.0,,
Lithuania,2003,8837001162.14328,3415213.0,2587.54,
Luxembourg,2003,44157564394.2986,451630.0,97773.76,30.2
Malta,2003,7500705069.85747,398582.0,18818.47,
Moldova,2003,5156967629.53441,2902320.0,1776.84,34.9
Monaco,2003,4657527906.66843,33144.0,140524.01,
Montenegro,2003,3164741539.37446,612267.0,5168.89,
Netherlands,2003,760278103670.112,16225302,46857.56,
North Macedonia,2003,7061373133.6408,2053426.0,3438.83,
Norway,2003,383180162395.028,4564855.0,83941.37,27.6
Poland,2003,349608894637.35,38204570,9150.97,
Portugal,2003,225350203033.54,10458821,21546.43,38.8
Romania,2003,125150235592.491,21574326,5800.89,
Russian Federation,2003,1123544404800.4,144648618,7767.41,40.0
San Marino,2003,1872834796.90458,28561.0,65573.15,
Serbia,2003,31383228829.5405,7480591.0,4195.29,
Slovakia,2003,63376209830.9437,5373374.0,11794.49,
Slovenia,2003,40563928635.612,1995733.0,20325.33,
Spain,2003,1268453048389.63,42187645,30066.93,31.8
Sweden,2003,422942254775.017,8958229.0,47212.71,25.3
Switzerland,2003,507514147844.804,7339001.0,69153.03,
Ukraine,2003,112532765633.157,47812949,2353.60,28.7
United Kingdom,2003,2296810396769.92,59647577,38506.35,35.1
Albania,2004,8739893896.95844,3026939.0,2887.37,
Andorra,2004,3507994166.77714,76250.0,46006.48,
Austria,2004,359562175533.158,8171966.0,43999.47,29.8
Belarus,2004,36784583396.0769,9730146.0,3780.48,26.5
Belgium,2004,437113311312.751,10421137,41944.88,30.5
Bosnia and Herzegovina,2004,13719579896.7392,3764194.0,3644.76,34.0
Bulgaria,2004,40080703028.4043,7716860.0,5193.91,
Croatia,2004,55879107778.0003,4304600.0,12981.25,
Czech Republic,2004,173500559474.731,10197101,17014.69,27.5
Denmark,2004,311347745321.688,5404523.0,57608.74,24.9
Estonia,2004,1168058685.55873,1362550.0,857.26,33.6
Faroe Islands,2004,,47600.0,,
Finland,2004,231744244869.138,5228172.0,44326.06,27.9
France,2004,2497753065595.08,62704901,39833.46,30.6
Germany,2004,3182683471581.1,82516260,38570.38,30.4
Gibraltar,2004,,32930.0,,
Greece,2004,300259501159.082,10955141,27408.09,33.6
Hungary,2004,127272408583.735,10107146,12592.32,29.9
Iceland,2004,12254321874.4845,292074.0,41956.22,28.0
Ireland,2004,205934899869.232,4070262.0,50595.00,33.6
Italy,2004,2149555429590.68,57685327,37263.47,34.3
Latvia,2004,31428910218.164,2263122.0,13887.41,36.4
Liechtenstein,2004,,34444.0,,
Lithuania,2004,9417547080.17682,3377075.0,2788.67,37.0
Luxembourg,2004,45752614511.1534,458095.0,99875.82,30.2
Malta,2004,7511226168.34104,401268.0,18718.73,
Moldova,2004,5538583218.12875,2895147.0,1913.06,35.0
Monaco,2004,4772591409.25361,33499.0,142469.67,
Montenegro,2004,3304814675.89264,613353.0,5388.11,
Netherlands,2004,775369211305.076,16281779,47621.90,29.8
North Macedonia,2004,7391428039.45763,2057044.0,3593.23,
Norway,2004,398390171552.691,4591910.0,86759.14,31.6
Poland,2004,367029283985.01,38182222,9612.57,38.0
Portugal,2004,229381122523.694,10483861,21879.45,38.9
Romania,2004,138201043602.491,21451748,6442.41,
Russian Federation,2004,1204439016241.71,144067316,8360.25,40.3
San Marino,2004,1958027132.93081,28942.0,67653.48,
Serbia,2004,34216568530.7278,7463157.0,4584.73,
Slovakia,2004,66721763890.5898,5372280.0,12419.64,27.1
Slovenia,2004,42332188483.3471,1997012.0,21197.76,24.8
Spain,2004,1308064239825.59,42921895,30475.45,33.3
Sweden,2004,441284651978.437,8993531.0,49066.90,26.1
Switzerland,2004,521833802215.75,7389625.0,70617.09,
Ukraine,2004,126159098825.019,47451626,2658.69,28.9
United Kingdom,2004,2349321871594.96,59987905,39163.26,36.0
Albania,2005,9223202583.88038,3011487.0,3062.67,30.6
Andorra,2005,3697348535.06562,78871.0,46878.43,
Austria,2005,367630985634.815,8227829.0,44681.41,28.7
Belarus,2005,40242334795.7495,9663915.0,4164.19,27.6
Belgium,2005,447261933028.675,10478617,42683.30,29.3
Bosnia and Herzegovina,2005,14921313134.8433,3765332.0,3962.81,
Bulgaria,2005,42947892705.1545,7658972.0,5607.53,
Croatia,2005,58286655436.7013,4310145.0,13523.13,
Czech Republic,2005,184954402823.471,10211216,18112.87,26.9
Denmark,2005,318622825351.085,5419432.0,58792.66,25.2
Estonia,2005,1278910944.3012,1354775.0,944.00,33.4
Faroe Islands,2005,,47731.0,,
Finland,2005,238186388547.614,5246096.0,45402.60,27.6
France,2005,2539296193640.63,63179356,40191.87,29.8
Germany,2005,3205971394535.92,82469422,38874.67,32.1
Gibraltar,2005,,33222.0,,
Greece,2005,302058482456.473,10987314,27491.57,34.6
Hungary,2005,132673369639.58,10087065,13152.82,34.7
Iceland,2005,13004830338.3031,296734.0,43826.56,29.0
Ireland,2005,217748953140.018,4159914.0,52344.58,33.8
Italy,2005,2167135546609.64,57969484,37384.08,33.8
Latvia,2005,34799687961.907,2238799.0,15543.91,39.0
Liechtenstein,2005,,34718.0,,
Lithuania,2005,10145746439.6587,3322528.0,3053.62,35.3
Luxembourg,2005,47204089537.0511,465158.0,101479.69,30.8
Malta,2005,7765375534.43266,403834.0,19229.13,
Moldova,2005,5953976967.16872,2888111.0,2061.55,36.3
Monaco,2005,4863051836.13947,33842.0,143698.71,
Montenegro,2005,3442975808.70488,614261.0,5605.07,
Netherlands,2005,791271073209.597,16319868,48485.14,29.0
North Macedonia,2005,7740605651.95271,2060280.0,3757.06,
Norway,2005,408849586548.852,4623291.0,88432.59,30.6
Poland,2005,379900441083.806,38165445,9954.04,35.8
Portugal,2005,231174534737.82,10503330,22009.64,38.5
Romania,2005,144652472925.674,21319685,6784.93,
Russian Federation,2005,1281522697121.64,143518814,8929.30,41.3
San Marino,2005,2005511385.79789,29324.0,68391.47,
Serbia,2005,36108863543.5274,7440769.0,4852.84,
Slovakia,2005,71141055378.2319,5372807.0,13240.95,29.3
Slovenia,2005,43939953420.6988,2000474.0,21964.77,24.6
Spain,2005,1355835173265.27,43653155,31059.27,32.4
Sweden,2005,453900111906.39,9029572.0,50268.18,26.8
Switzerland,2005,536876383960.366,7437115.0,72188.80,
Ukraine,2005,129940465635.033,47105171,2758.52,29.0
United Kingdom,2005,2418760584175.25,60401206,40044.91,34.3
Albania,2006,9767379279.88863,2992547.0,3263.90,
Andorra,2006,3875142516.24022,80995.0,47844.22,
Austria,2006,380329113681.259,8268641.0,45996.57,29.6
Belarus,2006,44266566187.7427,9604924.0,4608.74,28.3
Belgium,2006,458677622724.361,10547958,43484.97,28.1
Bosnia and Herzegovina,2006,15729153560.7731,3765422.0,4177.26,
Bulgaria,2006,45869280338.7161,7601022.0,6034.62,35.7
Croatia,2006,61197075793.9092,4311159.0,14195.04,
Czech Republic,2006,197470142753.551,10238905,19286.26,26.7
Denmark,2006,331090561927.791,5437272.0,60892.77,25.9
Estonia,2006,1403205243.69945,1346810.0,1041.87,33.7
Faroe Islands,2006,,47793.0,,
Finland,2006,247779130164.083,5266268.0,47050.23,28.0
France,2006,2601491774613.78,63621376,40890.22,29.7
Germany,2006,3328325430555.39,82376451,40403.85,31.3
Gibraltar,2006,,33420.0,,
Greece,2006,319132136925.793,11020362,28958.41,35.1
Hungary,2006,138021450771.415,10071370,13704.34,28.3
Iceland,2006,13826344571.668,303782.0,45514.03,30.2
Ireland,2006,228618540241.807,4273591.0,53495.65,32.7
Italy,2006,2205941135644.34,58143979,37939.29,33.7
Latvia,2006,38970904830.6932,2218357.0,17567.46,35.6
Liechtenstein,2006,,34975.0,,
Lithuania,2006,10897964391.0828,3269909.0,3332.80,34.4
Luxembourg,2006,49648546045.1779,472637.0,105045.83,30.9
Malta,2006,7960297513.94763,405308.0,19640.12,28.0
Moldova,2006,6239767852.66749,2880095.0,2166.51,35.4
Monaco,2006,5145300278.40382,34189.0,150495.78,
Montenegro,2006,3737915560.04535,615025.0,6077.66,
Netherlands,2006,818656877650.488,16346101,50082.70,30.0
North Macedonia,2006,8138242511.94872,2063132.0,3944.61,
Norway,2006,418661275147.645,4660677.0,89828.43,26.4
Poland,2006,403192683978.377,38141267,10571.04,34.7
Portugal,2006,234931199934.205,10522288,22327.01,38.1
Romania,2006,156266346693.626,21193760,7373.22,39.6
Russian Federation,2006,1386608432989.65,143049637,9693.20,41.0
San Marino,2006,2082324147.78876,29694.0,70126.09,
Serbia,2006,37953228515.7138,7411569.0,5120.81,
Slovakia,2006,77183191548.8511,5373054.0,14364.86,25.8
Slovenia,2006,46464917542.2106,2006868.0,23152.95,24.4
Spain,2006,1411461390559.29,44397319,31791.59,33.5
Sweden,2006,475064446275.73,9080505.0,52316.96,26.4
Switzerland,2006,558432011619.952,7483934.0,74617.44,33.9
Ukraine,2006,139607929641.793,46787786,2983.85,29.8
United Kingdom,2006,2483917165662.06,60846820,40822.46,34.6
Albania,2007,10351466806.2388,2970017.0,3485.32,
Andorra,2007,3935330770.25056,82682.0,47595.98,
Austria,2007,394505559258.526,8295487.0,47556.65,30.6
Belarus,2007,48073493773.2612,9560953.0,5028.11,29.6
Belgium,2007,475542653709.135,10625700,44754.01,29.2
Bosnia and Herzegovina,2007,16650743291.5849,3762791.0,4425.10,33.1
Bulgaria,2007,48876966228.4417,7545338.0,6477.77,36.1
Croatia,2007,64298314188.4647,4310217.0,14917.65,
Czech Republic,2007,208469898850.69,10298828,20242.10,26.0
Denmark,2007,334100966204.774,5461438.0,61174.54,26.2
Estonia,2007,1509478087.87613,1340680.0,1125.90,31.2
Faroe Islands,2007,,47825.0,,
Finland,2007,260909780066.563,5288720.0,49333.26,28.3
France,2007,2664571088541.21,64016227,41623.37,32.4
Germany,2007,3427391543620.05,82266372,41662.12,31.3
Gibraltar,2007,,33524.0,,
Greece,2007,329579715229.25,11048473,29830.34,34.0
Hungary,2007,138355712640.943,10055780,13758.82,27.9
Iceland,2007,14995342661.6113,311566.0,48128.94,29.5
Ireland,2007,240778055809.957,4398942.0,54735.45,31.9
Italy,2007,2238745090235.33,58438310,38309.55,32.9
Latvia,2007,42878556292.9244,2200325.0,19487.37,37.5
Liechtenstein,2007,,35217.0,,
Lithuania,2007,12108453621.6011,3231294.0,3747.25,34.8
Luxembourg,2007,53796460668.8657,479993.0,112077.59,31.1
Malta,2007,8340378285.12884,406724.0,20506.24,29.2
Moldova,2007,6426960903.2039,2873429.0,2236.69,34.4
Monaco,2007,5887710460.02917,34524.0,170539.64,
Montenegro,2007,3992473234.91718,615875.0,6482.60,
Netherlands,2007,849543512429.438,16381696,51859.31,29.6
North Macedonia,2007,8665070571.39311,2065408.0,4195.33,
Norway,2007,431197048129.248,4709153.0,91565.73,27.1
Poland,2007,431664312008.755,38120560,11323.66,34.0
Portugal,2007,240819937572.726,10542964,22841.77,36.8
Romania,2007,167570353781.434,20882982,8024.25,37.5
Russian Federation,2007,1504469841529.42,142805114,10535.13,42.3
San Marino,2007,2230363289.08025,30068.0,74177.31,
Serbia,2007,40397236364.6127,7381579.0,5472.71,
Slovakia,2007,85543697111.3733,5374622.0,15916.23,24.7
Slovenia,2007,49708243481.106,2018122.0,24630.94,24.4
Spain,2007,1462340169523.89,45226803,32333.49,34.1
Sweden,2007,491402966162.082,9148092.0,53716.44,27.1
Switzerland,2007,580745403737.188,7551117.0,76908.54,34.3
Ukraine,2007,150209086270.689,46509355,3229.65,27.0
United Kingdom,2007,2542551914678.86,61322463,41462.00,35.7
Albania,2008,11127823665.7504,2947314.0,3775.58,30.0
Andorra,2008,3716558398.51518,83860.0,44318.61,
Austria,2008,400267011848.042,8321496.0,48100.37,30.4
Belarus,2008,52976989868.7029,9527985.0,5560.15,27.8
Belgium,2008,477667990477.055,10709973,44600.30,28.4
Bosnia and Herzegovina,2008,17556851230.7796,3754261.0,4676.51,
Bulgaria,2008,51851436378.6577,7492561.0,6920.39,33.6
Croatia,2008,65515772483.174,4309705.0,15201.92,
Czech Republic,2008,214070259127.502,10384603,20614.20,26.3
Denmark,2008,332390313313.103,5493621.0,60504.78,25.2
Estonia,2008,1432661648.36718,1337090.0,1071.48,31.9
Faroe Islands,2008,,47822.0,,
Finland,2008,262955299855.628,5313399.0,49489.09,27.8
France,2008,2671364304886.08,64374979,41496.93,33.0
Germany,2008,3460290359872.83,82110097,42142.08,31.1
Gibraltar,2008,,33570.0,,
Greece,2008,328475055055.053,11077841,29651.54,33.6
Hungary,2008,139819916274.643,10038188,13928.80,27.5
Iceland,2008,15326664220.7095,317414.0,48286.04,31.8
Ireland,2008,230091285255.947,4489544.0,51250.48,30.9
Italy,2008,2217208074999.43,58826731,37690.49,33.8
Latvia,2008,41451858072.2391,2177322.0,19038.00,37.2
Liechtenstein,2008,,35469.0,,
Lithuania,2008,12425019822.0591,3198231.0,3884.97,35.7
Luxembourg,2008,53108088559.7831,488650.0,108683.29,32.6
Malta,2008,8659511134.94235,409379.0,21152.80,29.0
Moldova,2008,6928263862.95101,2867964.0,2415.74,34.7
Monaco,2008,5926971761.89845,34860.0,170022.14,
Montenegro,2008,4280841227.25932,616969.0,6938.50,
Netherlands,2008,867981366402.608,16445593,52778.96,29.3
North Macedonia,2008,9139223353.51773,2067309.0,4420.83,
Norway,2008,433251184624.934,4768212.0,90862.40,27.0
Poland,2008,449794050343.249,38125759,11797.64,33.5
Portugal,2008,241588750226.565,10558177,22881.67,36.6
Romania,2008,183166909447.59,20537875,8918.49,36.4
Russian Federation,2008,1582701810889.97,142742366,11087.82,41.6
San Marino,2008,2219190523.69976,30434.0,72918.14,
Serbia,2008,42681933020.219,7350222.0,5806.89,
Slovakia,2008,90312661014.7879,5379233.0,16789.13,26.0
Slovenia,2008,51452924048.1751,2021316.0,25455.16,23.7
Spain,2008,1475313249889.36,45954106,32104.06,34.2
Sweden,2008,489188904610.127,9219637.0,53059.45,28.1
Switzerland,2008,596747909749.776,7647675.0,78029.98,33.8
Ukraine,2008,153669941036.719,46258189,3322.01,26.6
United Kingdom,2008,2535463784367.3,61806995,41022.28,34.1
Albania,2009,11500613161.6647,2927519.0,3928.45,
Andorra,2009,3519475009.94299,84461.0,41669.82,
Austria,2009,385198647266.611,8343323.0,46168.49,31.5
Belarus,2009,53082941363.8271,9506765.0,5583.70,27.7
Belgium,2009,468015547701.557,10796493,43348.85,28.6
Bosnia and Herzegovina,2009,17029363372.8317,3735945.0,4558.25,
Bulgaria,2009,50101534229.7147,7444443.0,6730.06,33.8
Croatia,2009,60717700435.3099,4305181.0,14103.40,32.6
Czech Republic,2009,204100298391.036,10443936,19542.47,26.2
Denmark,2009,316081423941.657,5523095.0,57229.04,26.7
Estonia,2009,1225873125.80184,1334515.0,918.59,31.4
Faroe Islands,2009,,47814.0,,
Finland,2009,241723112398.309,5338871.0,45276.07,27.5
France,2009,2594607624904.28,64707035,40097.77,32.7
Germany,2009,3263267090017.34,81902307,39843.41,30.5
Gibraltar,2009,,33562.0,,
Greece,2009,314348217058.93,11107017,28301.77,33.6
Hungary,2009,130452605289.135,10022650,13015.78,27.0
Iceland,2009,14152057862.8939,318499.0,44433.60,28.7
Ireland,2009,218414850981.939,4535375.0,48158.06,32.7
Italy,2009,2100118708781.5,59095365,35537.79,33.8
Latvia,2009,35540939762.4485,2141669.0,16594.97,36.0
Liechtenstein,2009,,35723.0,,
Lithuania,2009,10581319790.3218,3162916.0,3345.43,37.2
Luxembourg,2009,50793315934.8984,497783.0,102039.07,31.2
Malta,2009,8561323235.70686,412477.0,20755.88,30.2
Moldova,2009,6512568011.12431,2864346.0,2273.67,32.9
Monaco,2009,5257223916.21371,35223.0,149255.43,
Montenegro,2009,4032762450.51021,618294.0,6522.40,
Netherlands,2009,836153497098.728,16530388,50582.81,27.9
North Macedonia,2009,9106448740.75946,2069030.0,4401.31,42.8
Norway,2009,425768848675.368,4828726.0,88174.16,26.2
Poland,2009,462533048121.248,38151603,12123.55,33.4
Portugal,2009,234046157573.901,10568247,22146.17,34.9
Romania,2009,173060868628.322,20367487,8496.92,35.6
Russian Federation,2009,1459251165972.78,142785349,10219.89,39.8
San Marino,2009,1990148833.39972,30825.0,64562.82,
Serbia,2009,41515968465.9198,7320807.0,5670.96,
Slovakia,2009,85385623781.6126,5386406.0,15852.06,27.2
Slovenia,2009,47569032084.5723,2039669.0,23321.94,24.8
Spain,2009,1419793790647.73,46362946,30623.46,34.9
Sweden,2009,467959130636.214,9298515.0,50326.22,27.3
Switzerland,2009,584337741980.175,7743831.0,75458.48,32.9
Ukraine,2009,130990467246.875,46053331,2844.32,25.3
United Kingdom,2009,2431156088971.62,62276270,39038.24,34.3
Albania,2010,11926928505.5231,2913021.0,4094.35,
Andorra,2010,3449966856.68832,84454.0,40850.25,
Austria,2010,392275107258.667,8363404.0,46903.76,30.3
Belarus,2010,57222490768.7143,9490583.0,6029.40,28.6
Belgium,2010,481420882905.001,10895586,44184.95,28.4
Bosnia and Herzegovina,2010,17176781336.7644,3705478.0,4635.51,
Bulgaria,2010,50381825504.2642,7395599.0,6812.41,35.7
Croatia,2010,59918313669.1671,4295427.0,13949.33,32.4
Czech Republic,2010,209069940963.177,10474410,19960.07,26.6
Denmark,2010,321995279401.502,5547683.0,58041.40,27.2
Estonia,2010,1258853226.89866,1331475.0,945.46,32.0
Faroe Islands,2010,2320424601.26954,47803.0,48541.40,
Finland,2010,249424310816.667,5363352.0,46505.30,27.7
France,2010,2645187882116.67,65027505,40677.99,33.7
Germany,2010,3399667820000.01,81776930,41572.46,30.2
Gibraltar,2010,,33585.0,,
Greece,2010,297124961971.501,11121341,26716.65,34.1
Hungary,2010,131916516051.985,10000023,13191.62,29.4
Iceland,2010,13751161917.7398,318041.0,43237.07,26.2
Ireland,2010,222287851794.584,4560155.0,48745.68,32.3
Italy,2010,2136099955236.67,59277417,36035.64,34.7
Latvia,2010,33974713228.7101,2097555.0,16197.29,35.0
Liechtenstein,2010,5082366478.08994,35996.0,141192.53,
Lithuania,2010,10756042844.3535,3097282.0,3472.74,33.6
Luxembourg,2010,53264394998.6001,506953.0,105067.72,30.5
Malta,2010,9035932122.49768,414508.0,21799.17,29.0
Moldova,2010,6974960345.3712,2861487.0,2437.53,32.1
Monaco,2010,5367625613.15127,35609.0,150737.89,
Montenegro,2010,4143033275.88493,619428.0,6688.48,
Netherlands,2010,847380859016.668,16615394,50999.75,27.8
North Macedonia,2010,9412311665.9492,2070737.0,4545.39,40.2
Norway,2010,428757038466.841,4889252.0,87693.79,25.7
Poland,2010,479834179020.33,38042794,12613.01,33.2
Portugal,2010,238113003233.284,10573100,22520.64,35.8
Romania,2010,166309355234.589,20246871,8214.08,35.5
Russian Federation,2010,1524917468442.01,142849468,10675.00,39.5
San Marino,2010,1881214370.93994,31221.0,60254.78,
Serbia,2010,41819468691.8251,7291436.0,5735.42,
Slovakia,2010,90398832433.9335,5391428.0,16767.14,27.3
Slovenia,2010,48208240226.4501,2048583.0,23532.48,24.9
Spain,2010,1422108199783.34,46576897,30532.48,35.2
Sweden,2010,495812558843.31,9378126.0,52869.04,27.7
Switzerland,2010,603434493402.679,7824909.0,77117.13,32.6
Ukraine,2010,136013155905.036,45870741,2965.14,24.8
United Kingdom,2010,2481579504997.81,62766365,39536.77,34.4
Albania,2011,12230507222.1843,2905195.0,4209.87,
Andorra,2011,3449688452.87021,83748.0,41191.29,
Austria,2011,403740513438.199,8391643.0,48112.21,30.8
Belarus,2011,60300321142.6581,9473172.0,6365.38,27.2
Belgium,2011,489578626676.653,11038264,44352.86,28.1
Bosnia and Herzegovina,2011,17341594485.6047,3661173.0,4736.62,33.0
Bulgaria,2011,51568094264.4734,7348328.0,7017.66,34.3
Croatia,2011,59799454151.6423,4280622.0,13969.80,32.3
Czech Republic,2011,212750323790.759,10496088,20269.49,26.4
Denmark,2011,326299640707.019,5570572.0,58575.61,27.3
Estonia,2011,1352344121.715,1327439.0,1018.76,32.5
Faroe Islands,2011,,47815.0,,
Finland,2011,255778806281.83,5388272.0,47469.54,27.6
France,2011,2703188933543.06,65342789,41369.35,33.3
Germany,2011,3533111333252.44,80274983,44012.61,30.5
Gibraltar,2011,,33608.0,,
Greece,2011,266968814916.016,11104899,24040.63,34.8
Hungary,2011,134471881165.37,9971727.0,13485.32,29.2
Iceland,2011,14004977998.1585,319014.0,43900.83,26.8
Ireland,2011,223624003883.013,4580084.0,48825.31,32.9
Italy,2011,2151209302546.05,59379449,36228.18,35.1
Latvia,2011,36172486448.4331,2059709.0,17561.94,35.8
Liechtenstein,2011,,36299.0,,
Lithuania,2011,11405601149.4605,3028115.0,3766.57,32.5
Luxembourg,2011,54616903567.9042,518347.0,105367.45,32.1
Malta,2011,9078134520.83534,416268.0,21808.39,29.1
Moldova,2011,7380775144.91523,2859833.0,2580.84,30.6
Monaco,2011,5743359406.07185,36025.0,159427.05,
Montenegro,2011,4276787738.05463,620079.0,6897.17,
Netherlands,2011,860525340337.452,16693074,51549.84,27.8
North Macedonia,2011,9632549033.15179,2072484.0,4647.83,39.4
Norway,2011,432965007871.716,4953088.0,87413.15,25.3
Poland,2011,502662952276.722,38063255,13205.99,33.2
Portugal,2011,234074214334.376,10557560,22171.24,36.3
Romania,2011,169479324149.248,20147528,8411.92,35.9
Russian Federation,2011,1590489364644.29,142960908,11125.34,39.7
San Marino,2011,1724795655.61309,31655.0,54487.31,
Serbia,2011,42671028784.1099,7234099.0,5898.60,
Slovakia,2011,92972684423.6731,5398384.0,17222.32,26.5
Slovenia,2011,48623471168.9764,2052843.0,23685.92,24.9
Spain,2011,1410526928100.77,46742697,30176.41,35.7
Sweden,2011,511655422318.786,9449213.0,54147.94,27.6
Switzerland,2011,615023126905.369,7912398.0,77729.04,31.7
Ukraine,2011,143446957451.616,45706086,3138.47,24.6
United Kingdom,2011,2513237223477.67,63258810,39729.44,33.2
Albania,2012,12403877841.0321,2900401.0,4276.61,29.0
Andorra,2012,3278085642.31738,82427.0,39769.56,
Austria,2012,406487747903.707,8429991.0,48219.24,30.5
Belarus,2012,61317669289.2363,9464495.0,6478.70,26.5
Belgium,2012,493197676499.208,11106932,44404.49,27.5
Bosnia and Herzegovina,2012,17199074936.9112,3604972.0,4770.93,
Bulgaria,2012,51751979375.9177,7305888.0,7083.60,36.0
Croatia,2012,58369186194.0968,4267558.0,13677.42,32.5
Czech Republic,2012,211080224602.858,10510785,20082.25,26.1
Denmark,2012,327038708713.874,5591572.0,58487.79,27.8
Estonia,2012,1394405238.91226,1322696.0,1054.21,32.9
Faroe Islands,2012,,47843.0,,
Finland,2012,252204180501.055,5413971.0,46583.95,27.1
France,2012,2711653557481.26,65659814,41298.53,33.1
Germany,2012,3547897319183.13,80425823,44113.91,30.9
Gibraltar,2012,,33653.0,,
Greece,2012,248061138528.468,11045011,22459.11,36.3
Hungary,2012,132615331004.73,9920362.0,13367.99,30.8
Iceland,2012,14153940071.0105,320716.0,44132.32,26.8
Ireland,2012,223909812167.535,4599533.0,48680.99,33.2
Italy,2012,2087083780359.59,59539717,35053.64,35.2
Latvia,2012,37710440391.8362,2034319.0,18537.13,35.2
Liechtenstein,2012,,36615.0,,
Lithuania,2012,11844017031.4634,2987773.0,3964.16,35.1
Luxembourg,2012,54424368010.6887,530946.0,102504.53,34.3
Malta,2012,9451945528.64474,420028.0,22503.13,29.4
Moldova,2012,7337248195.12826,2859458.0,2565.96,29.2
Monaco,2012,5800793053.16187,36459.0,159104.56,
Montenegro,2012,4160296612.28314,620601.0,6703.66,41.2
Netherlands,2012,851658883145.551,16754962,50830.25,27.6
North Macedonia,2012,9588606960.45675,2074275.0,4622.63,38.1
Norway,2012,444668526003.851,5018573.0,88604.57,25.7
Poland,2012,509322687626.439,38063164,13380.99,33.0
Portugal,2012,224577136198.924,10514844,21358.10,36.0
Romania,2012,172937829621.072,20058035,8621.87,36.5
Russian Federation,2012,1654492026998.83,143201721,11553.58,40.7
San Marino,2012,1603291832.10026,32103.0,49942.12,
Serbia,2012,42380207643.5152,7199077.0,5886.89,39.9
Slovakia,2012,94736136629.9989,5407579.0,17519.14,26.1
Slovenia,2012,47340084426.0571,2057159.0,23012.36,25.6
Spain,2012,1368783211618.46,46773055,29264.35,35.4
Sweden,2012,508645330091.796,9519374.0,53432.64,27.6
Switzerland,2012,622509149394.166,7996861.0,77844.19,31.6
Ukraine,2012,143789339118.051,45593342,3153.74,24.7
United Kingdom,2012,2549186468912.68,63700215,40018.49,32.3
Albania,2013,12528163103.1195,2895092.0,4327.38,
Andorra,2013,3161792390.29564,80770.0,39145.63,
Austria,2013,406591421433.927,8479823.0,47948.10,30.8
Belarus,2013,61932974220.8466,9465997.0,6542.68,26.6
Belgium,2013,495462648324.133,11159407,44398.65,27.7
Bosnia and Herzegovina,2013,17603228545.3329,3542598.0,4969.02,
Bulgaria,2013,51920571507.3287,7265115.0,7146.56,36.6
Croatia,2013,58108222128.8461,4255689.0,13654.25,32.0
Czech Republic,2013,210983331025.624,10514272,20066.38,26.5
Denmark,2013,330091094977.815,5614932.0,58788.08,28.5
Estonia,2013,1413176509.34604,1317997.0,1072.22,35.1
Faroe Islands,2013,,47901.0,,
Finland,2013,249930064696.187,5438972.0,45951.71,27.2
France,2013,2727281540260.42,65998685,41323.27,32.5
Germany,2013,3563422609296.38,80645605,44186.20,31.1
Gibraltar,2013,,33694.0,,
Greece,2013,241259867501.329,10965211,22002.30,36.1
Hungary,2013,135082972930.623,9893082.0,13654.29,31.5
Iceland,2013,14798292576.4812,323764.0,45707.04,25.4
Ireland,2013,226656857706.201,4623816.0,49019.44,33.5
Italy,2013,2048659201948.41,60233948,34011.70,34.9
Latvia,2013,38581617963.9437,2012647.0,19169.59,35.5
Liechtenstein,2013,,36940.0,,
Lithuania,2013,12264488263.5827,2957689.0,4146.65,35.3
Luxembourg,2013,56413236518.3812,543360.0,103822.95,32.0
Malta,2013,9969284127.5679,425967.0,23403.89,28.8
Moldova,2013,8000819052.00779,2858692.0,2798.77,28.5
Monaco,2013,6357669097.17619,36899.0,172299.22,
Montenegro,2013,4307944887.65039,621207.0,6934.80,39.0
Netherlands,2013,850550233737.807,16804432,50614.64,28.1
North Macedonia,2013,9869098420.48675,2076065.0,4753.75,36.2
Norway,2013,449266722786.278,5079623.0,88444.89,26.4
Poland,2013,515056478625.676,38040196,13539.80,33.1
Portugal,2013,222505087211.577,10457295,21277.50,36.2
Romania,2013,179459249986.084,19983693,8980.28,36.9
Russian Federation,2013,1683535346495.76,143506995,11731.38,40.9
San Marino,2013,1590722471.04721,32554.0,48864.12,
Serbia,2013,43606113097.5697,7164132.0,6086.73,39.5
Slovakia,2013,95367586177.8506,5413393.0,17616.97,28.1
Slovenia,2013,46852821092.7902,2059953.0,22744.61,26.2
Spain,2013,1349135775978.08,46620045,28938.96,36.2
Sweden,2013,514686895802.716,9600379.0,53611.10,28.8
Switzerland,2013,633849198063.623,8089346.0,78356.05,32.5
Ukraine,2013,143750950398.359,45489648,3160.08,24.6
United Kingdom,2013,2604914574687.66,64128273,40620.38,33.2
Albania,2014,12750473701.7819,2889104.0,4413.30,34.6
Andorra,2014,3240978390.56079,79213.0,40914.73,
Austria,2014,409280100109.633,8546356.0,47889.43,30.5
Belarus,2014,63002175707.5323,9474511.0,6649.65,27.2
Belgium,2014,503283690440.236,11209057,44899.74,28.1
Bosnia and Herzegovina,2014,17806343590.1312,3482106.0,5113.67,
Bulgaria,2014,52899515523.1699,7223938.0,7322.81,37.4
Croatia,2014,57909810141.88,4238389.0,13663.17,32.1
Czech Republic,2014,215755991069.112,10525347,20498.71,25.9
Denmark,2014,335436569740.648,5643475.0,59437.95,28.4
Estonia,2014,1455392682.02426,1314545.0,1107.15,34.6
Faroe Islands,2014,,47965.0,,
Finland,2014,249018049503.61,5461512.0,45595.08,26.8
France,2014,2753359344138.85,66312067,41521.24,32.3
Germany,2014,3642157979491.28,80982500,44974.63,30.9
Gibraltar,2014,,33726.0,,
Greece,2014,242944211867.598,10892413,22303.98,35.8
Hungary,2014,140795565306.983,9866468.0,14270.11,30.9
Iceland,2014,15047971591.1662,327386.0,45964.00,27.8
Ireland,2014,246241019995.408,4657740.0,52867.06,31.9
Italy,2014,2048566038303.31,60789140,33699.54,34.7
Latvia,2014,38995843365.7812,1993782.0,19558.73,35.1
Liechtenstein,2014,,37219.0,,
Lithuania,2014,12698284425.0764,2932367.0,4330.39,37.7
Luxembourg,2014,58837192739.3142,556319.0,105761.61,31.2
Malta,2014,10730293230.9693,434558.0,24692.43,29.0
Moldova,2014,8400830055.05566,2856950.0,2940.49,26.8
Monaco,2014,6815421317.77807,37320.0,182621.15,
Montenegro,2014,4384784936.38777,621810.0,7051.65,38.8
Netherlands,2014,862656926597.85,16865008,51150.70,28.6
North Macedonia,2014,10227260191.7624,2077780.0,4922.21,35.2
Norway,2014,458115229920.278,5137232.0,89175.50,26.8
Poland,2014,532458063874.241,38011735,14007.73,32.8
Portugal,2014,224267750933.647,10401062,21562.01,35.6
Romania,2014,185935438388.184,19908979,9339.28,36.0
Russian Federation,2014,1695930665412.95,143819667,11792.06,39.9
San Marino,2014,1579549705.66672,32941.0,47950.87,
Serbia,2014,42912989429.7754,7130576.0,6018.17,40.5
Slovakia,2014,97886806555.4282,5418649.0,18064.80,26.1
Slovenia,2014,48149781597.2791,2061980.0,23351.24,25.7
Spain,2014,1367806573139.25,46480882,29427.29,36.1
Sweden,2014,528366235242.641,9696110.0,54492.60,28.4
Switzerland,2014,649358506468.394,8188649.0,79299.83,32.5
Ukraine,2014,134331480637.625,45272155,2967.20,24.0
United Kingdom,2014,2679486211063.81,64602298,41476.64,34.0
Albania,2015,13033375121.5884,2880703.0,4524.37,32.9
Andorra,2015,3287458570.8604,77993.0,42150.69,
Austria,2015,413432253216.039,8642699.0,47836.01,30.5
Belarus,2015,60589462935.5585,9489616.0,6384.82,25.6
Belgium,2015,513558020680.56,11274196,45551.63,27.7
Bosnia and Herzegovina,2015,18356410773.0628,3429362.0,5352.72,
Bulgaria,2015,55010127749.7693,7177991.0,7663.72,38.6
Croatia,2015,59318112197.5722,4203604.0,14111.25,31.1
Czech Republic,2015,227381745549.048,10546059,21560.83,25.9
Denmark,2015,343294476994.931,5683483.0,60402.13,28.2
Estonia,2015,1482243027.71369,1315407.0,1126.83,32.7
Faroe Islands,2015,,48055.0,,
Finland,2015,250371859068.695,5479531.0,45692.21,27.1
France,2015,2784001820060.14,66548272,41834.32,32.7
Germany,2015,3696496482672.59,81686611,45252.17,31.7
Gibraltar,2015,,33742.0,,
Greece,2015,241943520921.99,10820883,22358.94,36.0
Hungary,2015,146173151085.081,9843028.0,14850.43,30.4
Iceland,2015,15715599487.2528,330815.0,47505.70,26.8
Ireland,2015,308235649867.516,4701957.0,65554.76,31.8
Italy,2015,2064510116906.73,60730582,33994.57,35.4
Latvia,2015,40558357687.4366,1977527.0,20509.64,34.2
Liechtenstein,2015,,37465.0,,
Lithuania,2015,12955371854.0676,2904910.0,4459.82,37.4
Luxembourg,2015,61370976137.0688,569604.0,107743.23,32.9
Malta,2015,11761274055.5891,445053.0,26426.68,29.4
Moldova,2015,8372415480.26162,2834530.0,2953.72,27.0
Monaco,2015,7149376905.74042,37723.0,189523.02,
Montenegro,2015,4533444861.21991,622159.0,7286.63,39.0
Netherlands,2015,879557839900.357,16939923,51922.19,28.2
North Macedonia,2015,10621609552.3164,2079335.0,5108.18,35.6
Norway,2015,467126944887.83,5188607.0,90029.36,27.5
Poland,2015,555014724902.995,37986412,14610.88,31.8
Portugal,2015,228286732295.719,10358076,22039.49,35.5
Romania,2015,191427365158.106,19815616,9660.43,35.9
Russian Federation,2015,1662474715110.35,144096870,11537.20,37.7
San Marino,2015,1615745175.01546,33270.0,48564.63,
Serbia,2015,43688023451.3019,7095383.0,6157.25,40.5
Slovakia,2015,102599958081.508,5423801.0,18916.62,26.5
Slovenia,2015,49213931063.9334,2063531.0,23849.38,25.4
Spain,2015,1420264316878.6,46444832,30579.60,36.2
Sweden,2015,552086083358.095,9799186.0,56339.99,29.2
Switzerland,2015,660123368612.609,8282396.0,79701.98,32.3
Ukraine,2015,121203317705.377,45154036,2684.22,25.5
United Kingdom,2015,2742804332759.55,65116219,42121.68,33.2
Albania,2016,13465406059.6498,2876101.0,4681.83,33.7
Andorra,2016,3409412700.51704,77295.0,44109.10,
Austria,2016,421657228102.472,8736668.0,48262.93,30.8
Belarus,2016,59058702608.9201,9501534.0,6215.70,25.3
Belgium,2016,520063190330.958,11331422,45895.67,27.6
Bosnia and Herzegovina,2016,18934602269.0509,3386263.0,5591.59,
Bulgaria,2016,57111753665.4351,7127822.0,8012.51,40.6
Croatia,2016,61393139836.7654,4174349.0,14707.24,30.9
Czech Republic,2016,233151067380.883,10566332,22065.47,25.4
Denmark,2016,354437668050.905,5728010.0,61877.98,28.2
Estonia,2016,1529494224.16303,1315790.0,1162.42,31.2
Faroe Islands,2016,,48173.0,,
Finland,2016,257410958145.949,5495303.0,46842.00,27.1
France,2016,2814499568997.83,66724104,42181.15,31.9
Germany,2016,3778928349350.17,82348669,45889.37,31.9
Gibraltar,2016,,33738.0,,
Greece,2016,240758353595.684,10775971,22342.15,35.0
Hungary,2016,149301250250.029,9814023.0,15213.05,30.3
Iceland,2016,16706261705.8402,335439.0,49804.17,27.2
Ireland,2016,314381129555.559,4755335.0,66111.25,32.8
Italy,2016,2091213785858.19,60627498,34492.83,35.2
Latvia,2016,41520776742.7396,1959537.0,21189.08,34.3
Liechtenstein,2016,,37655.0,,
Lithuania,2016,13281695423.2095,2868231.0,4630.62,38.4
Luxembourg,2016,64178453456.4681,582014.0,110269.60,31.7
Malta,2016,12242418065.7844,455356.0,26885.38,29.1
Moldova,2016,8741545794.83075,2802170.0,3119.56,26.3
Monaco,2016,7399605196.87127,38070.0,194368.41,
Montenegro,2016,4667151600.8246,622303.0,7499.81,38.5
Netherlands,2016,898835229746.291,17030314,52778.55,28.2
North Macedonia,2016,10924134787.2329,2080746.0,5250.10,34.5
Norway,2016,472132485600.729,5234519.0,90195.96,28.5
Poland,2016,572451795841.21,37970087,15076.39,31.2
Portugal,2016,232896949514.553,10325452,22555.62,35.2
Romania,2016,200430189829.58,19702267,10172.95,34.4
Russian Federation,2016,1665694763578.53,144342397,11539.89,36.8
San Marino,2016,1653624799.59014,33503.0,49357.51,
Serbia,2016,45146586020.325,7058322.0,6396.22,38.8
Slovakia,2016,104788135893.823,5430798.0,19295.16,25.2
Slovenia,2016,50784767161.7182,2065042.0,24592.61,24.8
Spain,2016,1463316808003.09,46484062,31479.97,35.8
Sweden,2016,563517539985.087,9923085.0,56788.54,29.6
Switzerland,2016,673624122427.937,8373338.0,80448.70,33.0
Ukraine,2016,123912293812.632,45004673,2753.32,25.0
United Kingdom,2016,2790046007973.58,65611593,42523.67,34.8
Albania,2017,13977387390.5945,2873457.0,4864.31,33.2
Andorra,2017,3421211719.47501,76997.0,44433.05,
Austria,2017,431775262676.529,8797566.0,49078.95,29.7
Belarus,2017,60554177331.8333,9498264.0,6375.29,25.4
Belgium,2017,528496260419.776,11375158,46460.56,27.4
Bosnia and Herzegovina,2017,19535100848.8297,3351534.0,5828.70,
Bulgaria,2017,59112236490.8388,7075947.0,8353.97,40.4
Croatia,2017,63504583355.145,4124531.0,15396.80,30.4
Czech Republic,2017,245202003265.939,10594438,23144.41,24.9
Denmark,2017,364438964537.519,5764980.0,63216.00,28.7
Estonia,2017,1613603477.8319,1317384.0,1224.85,30.4
Faroe Islands,2017,,48326.0,,
Finland,2017,265628570361.662,5508214.0,48224.08,27.4
France,2017,2878991574857.68,66918020,43022.67,31.6
Germany,2017,3877255158232.27,82657002,46907.76,
Gibraltar,2017,,33723.0,,
Greece,2017,243842046377.8,10754679,22673.11,34.4
Hungary,2017,155746258233.436,9787966.0,15912.01,30.6
Iceland,2017,17407080835.653,343400.0,50690.39,26.1
Ireland,2017,343082365981.679,4807388.0,71365.65,31.4
Italy,2017,2126092284053.69,60536709,35120.71,35.9
Latvia,2017,42870501056.9186,1942248.0,22072.62,35.6
Liechtenstein,2017,,37805.0,,
Lithuania,2017,13850496906.4725,2828403.0,4896.93,37.3
Luxembourg,2017,65334423537.5936,596336.0,109559.75,34.5
Malta,2017,13236432054.2372,467999.0,28283.03,29.2
Moldova,2017,9151593647.17486,2755158.0,3321.62,25.9
Monaco,2017,7148018560.25454,38392.0,186185.11,
Montenegro,2017,4887274946.92473,622373.0,7852.65,
Netherlands,2017,924999447038.053,17131296,53994.72,28.5
North Macedonia,2017,11042309099.238,2081996.0,5303.71,34.2
Norway,2017,483101343264.083,5276968.0,91549.04,27.0
Poland,2017,600104964680.131,37974826,15802.70,29.7
Portugal,2017,241063120722.329,10300300,23403.50,33.8
Romania,2017,215100574411.243,19588715,10980.84,36.0
Russian Federation,2017,1696106853061.04,144496739,11738.03,37.2
San Marino,2017,1657895541.39012,33671.0,49238.08,
Serbia,2017,46095189764.125,7020858.0,6565.46,36.2
Slovakia,2017,107920798507.243,5439232.0,19841.18,
Slovenia,2017,53219159738.4832,2066388.0,25754.68,24.2
Spain,2017,1506830599353.93,46593236,32340.11,34.7
Sweden,2017,577988245098.533,10057698,57467.25,28.8
Switzerland,2017,684299849661.364,8451840.0,80964.60,32.7
Ukraine,2017,126968015121.443,44831135,2832.14,26.0
United Kingdom,2017,2838601442114.14,66058859,42970.79,35.1
Albania,2018,14546448944.4056,2866376.0,5074.86,
Andorra,2018,3475566750.62972,77008.0,45132.54,
Austria,2018,442915585749.024,8840521.0,50100.62,30.8
Belarus,2018,62461148027.2823,9483499.0,6586.30,25.2
Belgium,2018,537945351170.51,11427054,47076.47,27.2
Bosnia and Herzegovina,2018,20265727508.4724,3323929.0,6096.92,
Bulgaria,2018,60940251461.1954,7025037.0,8674.72,41.3
Croatia,2018,65287544197.8689,4087843.0,15971.15,29.7
Czech Republic,2018,253045172103.95,10629928,23804.98,25.0
Denmark,2018,372367867708.325,5793636.0,64271.88,28.2
Estonia,2018,1683883408.75594,1321977.0,1273.76,30.3
Faroe Islands,2018,,48497.0,,
Finland,2018,269113179058.496,5515525.0,48791.94,27.3
France,2018,2930607976267.93,67101930,43673.97,32.4
Germany,2018,3926418568780.85,82905782,47360.01,
Gibraltar,2018,,33715.0,,
Greece,2018,247643489387.938,10732882,23073.35,32.9
Hungary,2018,164156103282.558,9775564.0,16792.49,29.6
Iceland,2018,18227792282.9059,352721.0,51677.65,
Ireland,2018,372300617924.262,4867316.0,76489.92,
Italy,2018,2146114485858.04,60421760,35518.90,
Latvia,2018,44595743365.806,1927174.0,23140.49,35.1
Liechtenstein,2018,,37918.0,,
Lithuania,2018,14395769626.2351,2801543.0,5138.51,35.7
Luxembourg,2018,67366870478.9246,607950.0,110809.89,35.4
Malta,2018,13921976625.3068,484630.0,28727.02,28.7
Moldova,2018,9545247410.92867,2708214.0,3524.55,25.7
Monaco,2018,7584047726.36882,38682.0,196061.42,
Montenegro,2018,5135444172.57865,622227.0,8253.33,
Netherlands,2018,946837898609.854,17231624,54947.69,28.1
North Macedonia,2018,11360393491.8192,2082957.0,5453.97,33.0
Norway,2018,488506420357,5311916.0,91964.26,27.6
Poland,2018,632232812655.457,37974750,16648.77,30.2
Portugal,2018,247931796009.536,10283822,24108.92,33.5
Romania,2018,224725300753.379,19473970,11539.78,35.8
Russian Federation,2018,1743720734850.68,144477859,12069.12,37.5
San Marino,2018,1683506067.26526,33784.0,49831.46,
Serbia,2018,48167224454.1516,6982604.0,6898.18,
Slovakia,2018,111860040781.458,5446771.0,20536.95,25.0
Slovenia,2018,55552554713.0659,2073894.0,26786.59,24.6
Spain,2018,1543447293320.58,46797754,32981.23,34.7
Sweden,2018,589259147923.413,10175214,57911.23,30.0
Switzerland,2018,704920576240.946,8514329.0,82792.26,33.1
Ukraine,2018,131291651249.309,44622518,2942.27,26.1
United Kingdom,2018,2874157497314.14,66460344,43246.20,
Albania,2019,14862643983.3091,2854191.0,5207.31,
Andorra,2019,3545618454.19594,77146.0,45959.85,
Austria,2019,449199380962.245,8879920.0,50585.97,
Belarus,2019,63335604099.6643,9417849.0,6725.06,25.3
Belgium,2019,547546031612.432,11488980,47658.37,
Bosnia and Herzegovina,2019,20839450781.6725,3300998.0,6313.08,
Bulgaria,2019,63191572277.6213,6975761.0,9058.74,
Croatia,2019,67154066752.8158,4065253.0,16519.04,
Czech Republic,2019,258899638367.936,10671870,24260.01,
Denmark,2019,382978543873.05,5814422.0,65867.00,
Estonia,2019,1768017696.68141,1326898.0,1332.44,
Faroe Islands,2019,,48677.0,,
Finland,2019,272538565989.577,5521606.0,49358.57,
France,2019,2974818953250.52,67248926,44235.93,
Germany,2019,3948227895585.61,83092962,47515.79,
Gibraltar,2019,,33706.0,,
Greece,2019,252241424421.126,10721582,23526.51,
Hungary,2019,171775075702.853,9771141.0,17579.84,
Iceland,2019,18696066454.1507,360563.0,51852.43,
Ireland,2019,393019896249.931,4934340.0,79649.94,
Italy,2019,2152283490598.57,59729081,36034.10,
Latvia,2019,45499749575.0179,1913822.0,23774.28,
Liechtenstein,2019,,38020.0,,
Lithuania,2019,15020382065.0197,2794137.0,5375.68,
Luxembourg,2019,68914273222.8934,620001.0,111151.87,
Malta,2019,14693193755.8639,504062.0,29149.58,
Moldova,2019,9887013493.08368,2663251.0,3712.39,
Monaco,2019,8152851305.84648,38967.0,209224.51,
Montenegro,2019,5344094979.59219,622028.0,8591.41,
Netherlands,2019,962720331434.427,17344874,55504.60,
North Macedonia,2019,11720989518.407,2083458.0,5625.74,
Norway,2019,492667994894.748,5347896.0,92123.71,
Poland,2019,660941995821.311,37965475,17409.03,
Portugal,2019,254102715783.64,10286263,24703.11,
Romania,2019,234000727422.063,19371648,12079.55,
Russian Federation,2019,1779170276409.99,144406261,12320.59,
San Marino,2019,1723484312.19022,33864.0,50894.29,
Serbia,2019,50213615458.7398,6945235.0,7229.94,
Slovakia,2019,114669504300.232,5454147.0,21024.28,
Slovenia,2019,57321537836.0769,2088385.0,27447.78,
Spain,2019,1573546474089.29,47133521,33384.87,
Sweden,2019,597331155543.357,10278887,58112.44,
Switzerland,2019,712547329373.334,8575280.0,83093.19,
Ukraine,2019,135521189665.04,44386203,3053.23,26.6
United Kingdom,2019,2913556871434.81,66836327,43592.41,
Albania,2020,14370506253.3253,2837743.0,5064.06,
Andorra,2020,3121702240.48787,77265.0,40402.54,
Austria,2020,419595298128.512,8917205.0,47054.58,
Belarus,2020,62765583662.6109,9398861.0,6678.00,
Belgium,2020,513138622534.939,11555997,44404.53,
Bosnia and Herzegovina,2020,19937655682.3208,3280815.0,6077.04,
Bulgaria,2020,60566782151.677,6927288.0,8743.22,
Croatia,2020,61535031999.3384,4047200.0,15204.35,
Czech Republic,2020,244395294183.036,10698896,22843.04,
Denmark,2020,372510633673.233,5831404.0,63880.09,
Estonia,2020,1716175032.13533,1331057.0,1289.33,
Faroe Islands,2020,,48865.0,,
Finland,2020,264979499809.023,5530719.0,47910.50,
France,2020,2733415158875.63,67391582,40560.19,
Germany,2020,3754901122212.8,83240525,45109.05,
Gibraltar,2020,,33691.0,,
Greece,2020,231437217362.581,10715549,21598.26,
Hungary,2020,163260617185.897,9749763.0,16745.09,
Iceland,2020,17452945287.5673,366425.0,47630.33,
Ireland,2020,406452591286.675,4994724.0,81376.39,
Italy,2020,1961351272330.88,59554023,32933.98,
Latvia,2020,43850982467.9886,1901548.0,23060.68,
Liechtenstein,2020,,38137.0,,
Lithuania,2020,14889418521.7028,2794700.0,5327.73,
Luxembourg,2020,68009287856.1291,632275.0,107562.83,
Malta,2020,13664504216.412,525285.0,26013.51,
Moldova,2020,9197982945.48309,2617820.0,3513.60,
Monaco,2020,,39244.0,,
Montenegro,2020,4533984453.54349,621718.0,7292.67,
Netherlands,2020,926701803851.381,17441139,53133.10,
North Macedonia,2020,11189794856.6502,2083380.0,5370.98,
Norway,2020,488911512109.457,5379475.0,90884.61,
Poland,2020,643085265147.747,37950802,16945.24,
Portugal,2020,234883361042.573,10305564,22791.90,
Romania,2020,224969765141.554,19286123,11664.85,
Russian Federation,2020,1726662088420.88,144104080,11982.05,
San Marino,2020,,33938.0,,
Serbia,2020,49721665328.7509,6908224.0,7197.46,
Slovakia,2020,109217742998.773,5458827.0,20007.55,
Slovenia,2020,54150391223.0043,2100126.0,25784.35,
Spain,2020,1402990600402.94,47351567,29629.23,
Sweden,2020,580499441330.262,10353442,56068.26,
Switzerland,2020,692095426032.167,8636896.0,80132.43,
Ukraine,2020,130072807270.765,44134693,2947.18,
United Kingdom,2020,2628312650645.44,67215293,39102.90,
